id;region_id;name;description;contact_number;address;website_link
201;2;SD Tarakanita 5;"SD Tarakanita 5 terletak di Jl. Pemuda No.6 Rawamangun, Jakarta Timur, berada tepat di samping gedung LAPAN dan Arion Mall sehingga memberikan kesan ramai namun strategis. Akses untuk mencapai sekolah cukup mudah karena dilalui oleh jalur kendaraan umum (bus) dari/ke terminal bus Pulo Gadung. Meskipun berada di pinggir jalan protokol yang dilalui oleh kendaraan-kendaraan besar namun keadaan lingkungan sekitar sekolah cukup kondusif sehingga mampu menciptakan suasana belajar yang nyaman dan aman. Letak sekolah yang strategis dan aman mampu menarik minat pelanggan/masyarakat sehingga sekolah masih mampu bersaing dalam hal jumlah peminat.

Gedung sekolah yang dibangun pada tahun 1974 ini didirikan di atas tanah seluas 4.120 m² dengan luas bangunan 3.266 m². Pada tahun 1987 gedung sekolah direnovasi karena Yayasan Keluarga menghibahkan sekolah yang dikelola kepada Yayasan Tarakanita. Setelah renovasi, sekolah yang terdiri dari dua lantai ini diresmikan oleh Bapak Wiyogo Atmodarminto, Gubernur Kepala Daerah Khusus Ibukota Jakarta dan diberkati oleh Mgr. Leo Soekoto, SJ, Uskup Agung Jakarta pada tanggal 07 September 1988.";(021) 4722391;Jl. Pemuda No. 6, Rawamangun, Kec. Pulo Gadung, Kota Jakarta Timur Prov. D.K.I. Jakarta;https://sd5-jkt.tarakanita.sch.id/
202;2;SD EMIISc Jakarta;"Pada awal tahun 2012, di sebuah rumah milik Bapak H. R.Wiratmoko, SH,MKN dan Ibu Eva Junaida, SH yang beralamat di Jalan Raya Condet No. 27 Kav. 27, RT 003 / RW 001, Kelurahan Batu Ampar, Kecamatan Kramatjati, Jakarta Timur. Telah dimulai sebuah Komunitas Pengajian yang menginginkan anak – anaknya mendapatkan pendidikan yang berkualitas dengan metode yang berbeda dengan memiliki semangat yang sama untuk anak – anak tercinta.

Di mulai dari Home Schooling berkumpulah belasan anak dan berkembang puluhan anak hingga 43 siswa – siswi di rumah tersebut.

Dengan konsep pendidikan yang terpadu dan modern maka di tahun ajaran 2012 – 2013 secara resmi dinamakan sebuah Sekolah Formal EMIISc Jakarta di bawah naungan Yayasan Sekolah Islam Terpadu Unggulan Metropolitan. Bermula dari seorang kepala sekolah yang mengelola semua level dengan metode kursus dan mulok (Muatan Lokal) dengan mata pelajaran Agama dan Umum.

Berjalan 1 tahun ajaran, siswa bertambah banyak karena muatan lokal yang menjadi keunggulah adalah belajar membaca Al-Quran dan menghapalkan nya setiap hari.

Ternyata setelah banyak yang berminat. Namun Sarana dan Prasarana (Sarpras) yang terbatas, dan SDM yang belum memahami manajemen pengelolaan sebuah sekolah formal, kendala demi kendala terjadi, Hingga masuk tahun ajaran 2013 – 2014 permasalahan komunikasi dan koordinasi menjadi masalah utama yang melanda sekolah EMIISc Jakarta. Bahkan izin prinsip selama dua tahun ajaran tidak pernah diurus oleh manajemen yang ada pada saat itu.

Sampailah pada suatu waktu menjelang masuknya tahun ajaran baru 2013 – 2014 diadakan Raker Yayasan dan Pimpinan Sekolah, di Sari Ater, Jawa Barat. Acara di awali dengan Training Outbound dan Materi Raker dengan SDM ± 20 orang mengikuti Raker tersebut dan di canangkan semangat baru dengan digantinya Kepala Bidang Pendidikan Yayasa EMIISc .

Pada tahun 2014 – 2015, sejarah baru dengan dimulainya manajemen baru dan tahun tersebut dianggap sebagai masa transisi dari menajemen lama dengan yang baru dimulai dari perubahan akte notaris.

Dengan disahkannya akte notaris nomor 2 tanggal 16 Juni 2014 oleh Kementrian Hukum dan HAM, maka dimulai dilengkapi semua berkas – berkas legal formal sehingga di mulai pengajuan izin sekolah formal.

Alhamdulillah tahun 2016 telah mendapatkan izin prinsip tahun 2017 keluar izin prinsip dan tahun 2018 telah diajukan akreditas dengan pemimpin kepala sekolah sebagai berikut :

Kepala Sekolah TK EMIISc yaitu Ustdzah Siti Tedja
Kepala Sekolah SD EMIISc yaitu Ust. Muhsin, Lc
Kepala Sekolah SMP EMIISc yaitu Ust. Ramli, Lc
Kepala Sekolah SMA EMIISc yaitu Ust. Lalu Julkarnain
Di tahun 2019 ada pergantian Kepala Sekolah SD dari Ust. Muhsin, Lc ke Ust. Marta Seno, Lc. Perkembangan demi perkembangan terjadi dengan mengacu kepada 8 Standar Pendidikan Nasional. Saat ini Yayasan EMIISc sudah memiliki 6 Gedung sekolah dengan jumlah siswa dan siswi sebanya 666 peserta didik.
Pada awal tahun 2012, di sebuah rumah milik Bapak H. R.Wiratmoko, SH,MKN dan Ibu Eva Junaida, SH yang beralamat di Jalan Raya Condet No. 27 Kav. 27, RT 003 / RW 001, Kelurahan Batu Ampar, Kecamatan Kramatjati, Jakarta Timur. Telah dimulai sebuah Komunitas Pengajian yang menginginkan anak – anaknya mendapatkan pendidikan yang berkualitas dengan metode yang berbeda dengan memiliki semangat yang sama untuk anak – anak tercinta.

Di mulai dari Home Schooling berkumpulah belasan anak dan berkembang puluhan anak hingga 43 siswa – siswi di rumah tersebut.

Dengan konsep pendidikan yang terpadu dan modern maka di tahun ajaran 2012 – 2013 secara resmi dinamakan sebuah Sekolah Formal EMIISc Jakarta di bawah naungan Yayasan Sekolah Islam Terpadu Unggulan Metropolitan. Bermula dari seorang kepala sekolah yang mengelola semua level dengan metode kursus dan mulok (Muatan Lokal) dengan mata pelajaran Agama dan Umum.

Berjalan 1 tahun ajaran, siswa bertambah banyak karena muatan lokal yang menjadi keunggulah adalah belajar membaca Al-Quran dan menghapalkan nya setiap hari.

Ternyata setelah banyak yang berminat. Namun Sarana dan Prasarana (Sarpras) yang terbatas, dan SDM yang belum memahami manajemen pengelolaan sebuah sekolah formal, kendala demi kendala terjadi, Hingga masuk tahun ajaran 2013 – 2014 permasalahan komunikasi dan koordinasi menjadi masalah utama yang melanda sekolah EMIISc Jakarta. Bahkan izin prinsip selama dua tahun ajaran tidak pernah diurus oleh manajemen yang ada pada saat itu.

Sampailah pada suatu waktu menjelang masuknya tahun ajaran baru 2013 – 2014 diadakan Raker Yayasan dan Pimpinan Sekolah, di Sari Ater, Jawa Barat. Acara di awali dengan Training Outbound dan Materi Raker dengan SDM ± 20 orang mengikuti Raker tersebut dan di canangkan semangat baru dengan digantinya Kepala Bidang Pendidikan Yayasa EMIISc .

Pada tahun 2014 – 2015, sejarah baru dengan dimulainya manajemen baru dan tahun tersebut dianggap sebagai masa transisi dari menajemen lama dengan yang baru dimulai dari perubahan akte notaris.

Dengan disahkannya akte notaris nomor 2 tanggal 16 Juni 2014 oleh Kementrian Hukum dan HAM, maka dimulai dilengkapi semua berkas – berkas legal formal sehingga di mulai pengajuan izin sekolah formal.

Alhamdulillah tahun 2016 telah mendapatkan izin prinsip tahun 2017 keluar izin prinsip dan tahun 2018 telah diajukan akreditas dengan pemimpin kepala sekolah sebagai berikut :

Kepala Sekolah TK EMIISc yaitu Ustdzah Siti Tedja
Kepala Sekolah SD EMIISc yaitu Ust. Muhsin, Lc
Kepala Sekolah SMP EMIISc yaitu Ust. Ramli, Lc
Kepala Sekolah SMA EMIISc yaitu Ust. Lalu Julkarnain
Di tahun 2019 ada pergantian Kepala Sekolah SD dari Ust. Muhsin, Lc ke Ust. Marta Seno, Lc. Perkembangan demi perkembangan terjadi dengan mengacu kepada 8 Standar Pendidikan Nasional. Saat ini Yayasan EMIISc sudah memiliki 6 Gedung sekolah dengan jumlah siswa dan siswi sebanya 666 peserta didik.
Pada awal tahun 2012, di sebuah rumah milik Bapak H. R.Wiratmoko, SH,MKN dan Ibu Eva Junaida, SH yang beralamat di Jalan Raya Condet No. 27 Kav. 27, RT 003 / RW 001, Kelurahan Batu Ampar, Kecamatan Kramatjati, Jakarta Timur. Telah dimulai sebuah Komunitas Pengajian yang menginginkan anak – anaknya mendapatkan pendidikan yang berkualitas dengan metode yang berbeda dengan memiliki semangat yang sama untuk anak – anak tercinta.

Di mulai dari Home Schooling berkumpulah belasan anak dan berkembang puluhan anak hingga 43 siswa – siswi di rumah tersebut.

Dengan konsep pendidikan yang terpadu dan modern maka di tahun ajaran 2012 – 2013 secara resmi dinamakan sebuah Sekolah Formal EMIISc Jakarta di bawah naungan Yayasan Sekolah Islam Terpadu Unggulan Metropolitan. Bermula dari seorang kepala sekolah yang mengelola semua level dengan metode kursus dan mulok (Muatan Lokal) dengan mata pelajaran Agama dan Umum.

Berjalan 1 tahun ajaran, siswa bertambah banyak karena muatan lokal yang menjadi keunggulah adalah belajar membaca Al-Quran dan menghapalkan nya setiap hari.

Ternyata setelah banyak yang berminat. Namun Sarana dan Prasarana (Sarpras) yang terbatas, dan SDM yang belum memahami manajemen pengelolaan sebuah sekolah formal, kendala demi kendala terjadi, Hingga masuk tahun ajaran 2013 – 2014 permasalahan komunikasi dan koordinasi menjadi masalah utama yang melanda sekolah EMIISc Jakarta. Bahkan izin prinsip selama dua tahun ajaran tidak pernah diurus oleh manajemen yang ada pada saat itu.

Sampailah pada suatu waktu menjelang masuknya tahun ajaran baru 2013 – 2014 diadakan Raker Yayasan dan Pimpinan Sekolah, di Sari Ater, Jawa Barat. Acara di awali dengan Training Outbound dan Materi Raker dengan SDM ± 20 orang mengikuti Raker tersebut dan di canangkan semangat baru dengan digantinya Kepala Bidang Pendidikan Yayasa EMIISc .

Pada tahun 2014 – 2015, sejarah baru dengan dimulainya manajemen baru dan tahun tersebut dianggap sebagai masa transisi dari menajemen lama dengan yang baru dimulai dari perubahan akte notaris.

Dengan disahkannya akte notaris nomor 2 tanggal 16 Juni 2014 oleh Kementrian Hukum dan HAM, maka dimulai dilengkapi semua berkas – berkas legal formal sehingga di mulai pengajuan izin sekolah formal.

Alhamdulillah tahun 2016 telah mendapatkan izin prinsip tahun 2017 keluar izin prinsip dan tahun 2018 telah diajukan akreditas dengan pemimpin kepala sekolah sebagai berikut :

Kepala Sekolah TK EMIISc yaitu Ustdzah Siti Tedja
Kepala Sekolah SD EMIISc yaitu Ust. Muhsin, Lc
Kepala Sekolah SMP EMIISc yaitu Ust. Ramli, Lc
Kepala Sekolah SMA EMIISc yaitu Ust. Lalu Julkarnain
Di tahun 2019 ada pergantian Kepala Sekolah SD dari Ust. Muhsin, Lc ke Ust. Marta Seno, Lc. Perkembangan demi perkembangan terjadi dengan mengacu kepada 8 Standar Pendidikan Nasional. Saat ini Yayasan EMIISc sudah memiliki 6 Gedung sekolah dengan jumlah siswa dan siswi sebanya 666 peserta didik.
";(021) 87792556;Jl. Raya Condet No.27, RT.11/RW.3, Batu Ampar, Kec. Kramat jati, Kota Jakarta Timur, Daerah Khusus Ibukota Jakarta 13520;https://www.emiisc.sch.id/sd-emiisc-jakarta/
203;2;SD Islam Al-Azhar 13 Rawamangun;Sekolah ini diproyeksikan menjadi Sekolah Unggulan yang berciri khas keislaman dengan penguasaan ilmu pengetahuan dan teknologi yang berlandaskan keimanan dan ketakwaan.  Sejak tahun 2013 SD Islam Al-Azhar 13 Rawamangun ditunjuk sebagai sekolah yang menerapkan Kurikulum 2013 tentunya merupakan pengembangan dari Standar Isi yang ditetapkan oleh Depdiknas. Tahun 2016-2017 sekolah ini diakreditasi. Alhamdulillah Nilai Akreditasinya A (Amat Baik) dengan Skor 98. Selanjutnya upaya peningkatan kelengkapan sarana dan prasarana pembelajaran dan juga peningkatan profesionalisme para pendidik, SD Islam Al-Azhar 13 Rawamangun diharapkan berkembang untuk menjadi Sekolah Islam unggulan pada tahun pelajaran 2017-2018. 1. Meraih juara dua pencak silat 2. Meraih juar satu basket ball tingkat DKI 3. Juara team Indonesia di Hongkong  Animo masyarakat untuk memasukkan putra-putrinya ke SD Islam Al-Azhar 13 Rawamangun terus meningkat. Jika pada tahun pertama, Juli 1994 baru ada 35 murid, maka tahun-tahun berikutnya secara berjenjang terus meningkat menjadi 133 murid, 250 murid, 397 murid, dan pada tahun 2004 melonjak tajam 765 murid. Pada tahun ke-12 (2005-2006) berubah menjadi 763 murid, dan tahun ke-18 (2011-2012) naik menjadi 851. Menyelenggarakan pendidikan yang terintegrasi antara Imtaq dan Iptek;(021) 47867777;Jl. Sunan Giri No.1, RT.2/RW.15, Rawamangun, Kec. Pulo Gadung, Kota Jakarta Timur, Daerah Khusus Ibukota Jakarta 13220;https://sdialazhar13.sch.id/
204;2;SDIT Ar Rahmah Jakarta;Sekolah ini memakai kurikulum merdeka dan memiliki akreditasi A. Sekolah ini memiliki kepala sekolah yang bernama Mariatul Kiftiah dan operator yang bernama Dadan Saputra;"(021) 86611883
";"Jl. Duren Sawit Barat II No.2, Blok F Komplek PTB Klender, Duren Sawit, Jakarta Timur 13440
";https://sdit.arrahmah.sch.id/
205;2;SD Bojana Tirta Islamic School;"Tujuan utama proses pembelajaran di BTIS adalah pengembangan akhlak 60% & pengembangan kompetensi keterampilan 40%.
Ini adalah cara untuk menjadikan murid-muridnya tunduk, taat dan takut kepada Tuhannya. Belum lagi menjadi penyambung hati bagi orang tuanya. Dan hal ini akan berhasil dengan Al Quran & Hadits sebagai pedomannya. BTIS sangat memperhatikan pembentukan karakter, perilaku, budi pekerti dan akhlak yang berlandaskan Sunnah";0811-375-566;Jl. Bujana Tirta Raya No.3A 11, RT.11/RW.6, Pisangan Tim., Kec. Pulo Gadung, Kota Jakarta Timur, Daerah Khusus Ibukota Jakarta 13230;https://www.bojanaislamicprimary.sch.id/
206;2;SD Global Islamic School;Global Islamic School adalah sekolah islam yang menggunakan kurikulum nasional yang diperkaya dengan penguatan pada empat pilar unggulan (competitive advantages): Akademik, Keislaman, Kepemimpinan dan Keglobalan (wawasan internasional).;(021) 8088 4510;Jl. Condet Raya No. 5 Kramat Jati, Jakarta Timur, DKI Jakarta - 13530;https://www.global-islamic.com/
207;2;SD Islam Al Azhar 20 Cibubur;"SD Islam Al azhar 20 Cibubur adalah sekolah bernuansa islami yang memiliki visi mewujudkan insan yang religius, kreatif dan kompetitif melalui berbagai kegiatan positif dan pembelajaran efektif baik di dalam maupun di luar ruang kelas. Dibimbing oleh tenaga pendidik yang berkualitas dan bersertifikat, membentuk murid menjadi pribadi yang baik. mari bergabung dengan kami dan jadilah bagian dari keluarga besar Al Azhar.
";(021) 87712666;Jl. Abdulrahman No.9 RT.11/RW.5, Cibubur, Kec. Ciracas, Kota Jakarta Timur, Daerah Khusus Ibukota Jakarta 13720;https://sdialazhar20.sch.id/
208;2;SD Embun Pagi;Sekolah ini memakai kurikulum merdeka dan memiliki akreditasi A. Sekolah ini memiliki kepala sekolah yang bernama YARGUSTIWAN dan operator yang bernama ARI WIBAWA;(021) 8651578;Jl. Raya Kapin No 8 Kalimalang Jakarta Timur 13450;https://embunpagi.sch.id/
209;2;SDS Al Qudwah Al Muqoddasah;Sekolah Dasar Islam Al-Qudwah Al-Muqoddasah adalah lembaga pendidikan yang berada di bawah naungan Yayasan Islam Al-Qudwah Al-Muqoddasah  ikut serta berperan aktif di dalam menciptakan manusia yang beriman, bertaqwa, cerdas, terampil dan berakhlakul karimah dalam bermasyarakat, berbangsa dan bernegara.;0856-1250-142;Jl. Kayu Tinggi RT 007/06 No. 58 Cakung Timur;http://sdislamalqudwah.mysch.id/
210;2;SD KRISHNA;Sekolah ini memakai kurikulum merdeka. Sekolah ini memiliki kepala sekolah yang bernama Inayah dan operator yang bernama DEDE RIZWAN;0856-1971-484;6, Jl. Otista 2 No.25, RT.6/RW.9, Bidara Cina, Kecamatan Jatinegara, Kota Jakarta Timur, Daerah Khusus Ibukota Jakarta 13330;https://sekolahkrishna.sch.id/
211;2;SDS Nurul Ihsan;Sekolah ini berkomitmen dalam melahirkan peserta didik yang visioner, berkarakter, kompeten, berjiwa entrepreneur, ahli pikir dan ahli dzikir. Sekolah ini di rancang dengan sistem pendidikan modern berbasis digital dengan tenaga guru ahli yang memiliki visi membentuk generasi bangsa yang maju dan cerdas.;0813-1111-0222;Jl. Warga Bakti No.55 17, RT.17/RW.3, Pulo Gebang, Kec. Cakung, Kota Jakarta Timur, Daerah Khusus Ibukota Jakarta 13950;https://www.nurulihsan.com/
212;2;SDK Taruna Harapan Bangsa;Sekolah ini memakai kurikulum merdeka dan memiliki akreditasi B. Sekolah ini memiliki kepala sekolah yang bernama Ai Komarawati dan operator yang bernama GERSON;(021) 8446325;Jl. Tugu No.46 9, RT.9/RW.7, Cipayung, Kec. Cipayung, Kota Jakarta Timur, Daerah Khusus Ibukota Jakarta 13840;-
213;2;SDI Al Hadiriyah;SD Islam Al Hadiriyah Buaran merupakan salah satu SD swasta di Jakarta Timur yang berlokasi di jalan Buaran I, jalan Komplek Perumahan Kav Ptb Duren Sawit No.6-8, RT.4/RW.12, Klender, kecamatan Duren Sawit, kota Jakarta Timur, Daerah Khusus Ibukota Jakarta. Sekolah ini memakai kurikulum merdeka dan memiliki akreditasi B. Sekolah ini memiliki kepala sekolah dengan nama H.Arya Pribadie,SE dan operator dengan nama Iwan Setiawan;(021) 86611426;Jl. Buaran I Jl. Komp. Perumahan Kav Ptb Duren Sawit No.6-8 Blok L3, RT.4/RW.12, Klender, Kec. Duren Sawit, Kota Jakarta Timur, Daerah Khusus Ibukota Jakarta 13470;https://www.sdialhadiriyah.sch.id/
214;2;SDIT Nurul Huda;SDIT Nurul Huda didirikan dengan tujuan untuk menghasilkan peserta didik yang mampu terampil dan berwawasan luas berdasarkan ajaran islam yang rahmatan lil'aalamiin. Kesadaran tersebut tentunya berkesesuaian dengan nama dari Nurul Huda itu sendiri. Nur berarti “cahaya”, dan Huda berarti “petunjuk”. Dengan demikian Nurul Huda secara singkat berarti “cahaya petunjuk”. Adapun dari pendekatan kata tersebut, SDIT Nurul Huda berkomitmen berupaya menjadi lembaga pendidikan yang memberikan petunjuk yang baik dan benar kepada para peserta didik nantinya.;(021) 4751661;QVRR+JMC, Komplek Polri Cipinang Atas Jl. Bekasi Timur Raya, RT.11/RW.5, Cipinang, Kec. Pulo Gadung, Kota Jakarta Timur, Daerah Khusus Ibukota Jakarta;https://sditnurulhuda.sch.id/
215;2;SDIT Darul Hikmah;SD swasta ini pertama kali berdiri pada tahun 1987. Saat ini SDIT Darul Hikmah menggunakan kurikulum merdeka. SDIT Darul Hikmah dikepalai oleh seorang kepala sekolah bernama Muh Addhuha Zafrullah dan ditangani oleh seorang operator yang bernama Muhammad Hafian Adha.;(021) 8196405;Jl. Pancawarga II No.38, RT.3/RW.2, Cipinang Besar Sel., Kecamatan Jatinegara, Kota Jakarta Timur, Daerah Khusus Ibukota Jakarta 13410;-
216;2;SD CAHAYA SAKTI;SD swasta ini mengawali perjalanannya pada tahun 1990. Saat ini SD Cahaya Sakti memakai kurikulum merdeka. SD Cahaya Sakti dipimpin oleh seorang kepala sekolah yang bernama Sri Rahayu dan ditangani oleh seorang operator yang bernama Linus Laka.;(021) 850 7577;2, Jl. Otto Iskandar Dinata Jl. Otista III Komp. I No.11, RT.2/RW.2, Cipinang Cempedak, Kecamatan Jatinegara, Kota Jakarta Timur, Daerah Khusus Ibukota Jakarta 13340;-
217;2;SDS KRIDA PUTRA;SD swasta ini berdiri sejak 1989. Pada saat ini SD Krida Putra memakai kurikulum merdeka. SD Krida Putra berada di bawah naungan kepala sekolah dengan nama Evi Alawiyah dan ditangani oleh seorang operator yang bernama Susanti.;(021) 47862753;Jl. Cipinang Baru Bunder 7 No.19 1, RT.1/RW.1, Cipinang, Kec. Pulo Gadung, Kota Jakarta Timur, Daerah Khusus Ibukota Jakarta 13240;-
218;2;SD KRISTEN 8 BPK PENABUR;SDK 8 merupakan sekolah pagi. Jumlah murid  waktu sekolah ini didirikan 57 siswa dengan Kepala Sekolah Ibu Hetty Paskah. Pada tahun 1979  di bawah pimpin  Dra Marta Suhalisiswa, siswa  SDK 8 semakin bertambah sehingga  waktu belajar dirubah menjadi pagi dan siangPada tahun 1994 SDK 8 kembali menjadi sekolah pagi dibawah pimpinan Ibu Effy S. Kirana S.Pd. Gedung yang digunakan dibeli dari tanah kavling  dengan bantuan Pengurus  BPK PENABUR KPS Jakarta Bapak Basuki. Hingga saat ini bangunan SDK 8 PENABUR berlantai 2 dengan 7 ruang belajar.;(021) 8197357;Jl. Taman Hijau Daun No.24 11, RT.11/RW.11, Cawang, Kecamatan Jatinegara, Kota Jakarta Timur, Daerah Khusus Ibukota Jakarta 13340;https://bpkpenabur.or.id/jakarta/sdk-8-penabur
219;2;SDS Kartika VIII-1 Cijantung;Sekolah ini memakai kurikulum merdeka dan memiliki akreditasi A. SD Kartika VIII -1 berada di bawah naungan kepala sekolah dengan nama Agung Sukardi dan ditangani oleh seorang operator yang bernama Atta Hermanto.;(021) 8410318;MVV6+4Q7, Jl. Anyelir, RT.2/RW.4, Gedong, Kec. Ps. Rebo, Kota Jakarta Timur, Daerah Khusus Ibukota Jakarta 13760;-
220;2;SDS Kartika X-7;SD swasta ini pertama kali berdiri pada tahun 1984. Sekolah ini menggunakan kurikulum merdeka. SD Kartika X-7 dipimpin oleh seorang kepala sekolah yang bernama Eva Lativah dan ditangani oleh seorang operator yang bernama Ahmad Fadilah.;(021) 8607522;Jl. Pomad Blok D/X No.7, RT.2/RW.6, Cipinang Melayu, Kec. Makasar, Kota Jakarta Timur, Daerah Khusus Ibukota Jakarta 13620;-
221;2;SDS Nurul Islam;SD swasta ini berdiri pada tahun 2002 dan memakai panduan kurikulum merdeka. Sekolah ini berada di bawah naungan kepala sekolah bernama Siti Liyanawati dan ditangani oleh seorang operator yang bernama Fiki Yulianti;(021) 86602205;Jl. Pd. Kopi Raya Blok Y No.11, RT.10/RW.6, Pd. Kopi, Kec. Duren Sawit, Kota Jakarta Timur, Daerah Khusus Ibukota Jakarta 13460;https://www.sditnurulislam.sch.id/
222;2;SD SANTA ANNA;SD swasta ini pertama kali berdiri pada tahun 1986. Saat ini SD Santa Anna mengimplementasikan panduan kurikulum merdeka. SD Santa Anna berada di bawah naungan kepala sekolah dengan nama Monica Gelu Luon dan operator sekolah Tri Kuncoro Hartoyo.;(021) 84301465;Jl. Angkasa No.14 9, RT.9/RW.2, Ceger, Kec. Cipayung, Kota Jakarta Timur, Daerah Khusus Ibukota Jakarta 13820;https://sekolah-dasar-kristen-santa-anna.business.site/?utm_source=gmb&utm_medium=referral
223;2;SD ISLAM NAHDLATUL WATHAN;SD swasta ini pertama kali berdiri pada tahun 1910. Sekarang SD Islam Nahdlatul Wathan masih menggunakan program kurikulum belajar SD 2013. SD Islam Nahdlatul Wathan dibawah komando seorang kepala sekolah dengan nama H. Sofawi dan operator sekolah Siti Nurul Isnaini Wahidah.;0823-1156-5150;Jl. I Gusti Ngurah Rai No.29, RT.1/RW.3, Penggilingan, Kec. Cakung, Kota Jakarta Timur, Daerah Khusus Ibukota Jakarta 13940;-
224;2;SDIT MAMBAUL-ULA;SD swasta ini berdiri pada tahun 1972 dan memakai panduan kurikulum merdeka. Sekolah ini berada di bawah naungan kepala sekolah bernama Irsyadul Ibad, M.A dan ditangani oleh seorang operator yang bernama Maulidyah Sari.;0858-9007-5961;Jl. Dewi Sartika No.7, RT.4/RW.13, Cililitan, Kec. Kramat jati, Kota Jakarta Timur, Daerah Khusus Ibukota Jakarta 13640;https://mambaul-ula.sch.id/
225;2;SDS Ksatria Bangsa;SD swasta ini berdiri pada tahun 2002. Sekolah ini memakai panduan kurikulum merdeka dan memiliki akreditasi A. Sekolah ini berada di bawah naungan kepala sekolah bernama Ir. Cindy Tanuwidjaja,M.Pd dan ditangani oleh seorang operator yang bernama Rachel Coloay;(021) 8506566;Jl. Matraman Raya No.198-202, Kp. Melayu, Kecamatan Jatinegara, Kota Jakarta Timur, Daerah Khusus Ibukota Jakarta 13320;https://ksatriabangsa.sch.id/
226;2;SDS DWI CAKTI BHAKTI PALAD;Sekolah ini memakai kurikulum merdeka dan memiliki akreditasi A. Sekolah ini memiliki kepala sekolah yang bernama Marda Yuningsih dan operator yang bernama Wawan Hermawan;(021) 8573217;Jl. Bekasi Timur IV No.15, RT.4/RW.8, Cipinang Besar Utara, Kecamatan Jatinegara, Kota Jakarta Timur, Daerah Khusus Ibukota Jakarta 13410;-
227;2;SD ERLASS BHEXMAN JAKARTA;Sekolah ini memakai kurikulum 2013. Sekolah ini memiliki kepala sekolah yang bernama Hasan Basri dan operator yang bernama Revelino S.A Pieter;(021) - 7805987;Jl. Bambu Hitam No.12 4, RT.4/RW.1, Bambu Apus, Kec. Cipayung, Kota Jakarta Timur, Daerah Khusus Ibukota Jakarta 13890;https://erlassku.com/
228;2;SDIT Buahati Islamic School 2;"Buahati Islamic School merupakan sekolah berbasis Islam yang memiliki paradigma bahwa semua siswa adalah para Juara, menggunakan Multiple Intellegence System (MIS) sebagai pijakan dalam menjalankan proses KBM dan kedua hal tersebut menjadi “ruh” bagi para guru dalam mendidik.

Berdiri sejak 2001 sampai dengan sekarang (TP. 2020/2021), Buahati Islamic School 1 (SD) telah meluluskan 14 angkatan. Lulusannya telah tersebar di beberapa perguruan tinggi negeri ataupun juga di sekolah- sekolah lanjutan favorit. Sekolah ini juga telah diakreditasi oleh BAN SM (Badan Akreditasi Nasional Sekolah/ Madrasah) sebanyak 3 kali (terakhir tahun 2016) dan 3 kali pula mendapat predikat Akreditasi A (Amat Baik).

Seluruh siswa di awal tahun ajaran akan diriset melalui LSR (Learning Style Research/ Riset Gaya Belajar) agar terpetakan gaya belajarnya sehingga memudahkan para guru dalam menggunakan strategi mengajar  yang tepat dan sesuai dengan gaya belajar setiap siswa.

Kurikulum pendidikan menggunakan Kurikulum 2013 yang disesuaikan dengan visi dan misi sekolah mulai kelas 1 sampai kelas 5 dengan ciri khas tematik dan penalaran ilmiah sedangkan untuk kelas 6 menggunakan KTSP 2006 untuk lebih menyiapkan siswa meraih prestasi terbaik dalam Ujian Nasional. Silabus pembelajaran juga telah didesain sesuai dengan kebutuhan sekolah. Penerapan MIS dalam hal kurikulum diantaranya melalui perumusan silabus yang dituangkan dalam lesson plan dengan menggunakan strategi multiple intelligence. Lesson plan ini dibuat dan dikonsultasikan oleh guru sebelum melaksanakan KBM.

Manajemen berbasis kinerja menjadi fokus sekolah dalam pencapaian kompetensi guru, pendekatan ini dikenal sebagai Total Quality Management, yaitu perbaikan dan peningkatan mutu secara berkelanjutan. Rapor Kinerja Guru diterbitkan secara berkala setiap 1 semester untuk mengukur pencapaian kompetensi tadi. Di sekolah, guru mengajar dengan hati karena dilandasi komitmen yang kuat untuk meraih keridhaan Allah SWT.";(021) 22984568;Jl. Gorda No.74, RT.8/RW.6, Lubang Buaya, Kec. Cipayung, Kota Jakarta Timur, Daerah Khusus Ibukota Jakarta 13810;https://www.buahati.com/akademik/sdit-2-jakarta 
229;2;SD NABAWI ISLAMIC SCHOOL;Sekolah ini memakai kurikulum 2013. Sekolah ini memiliki kepala sekolah yang bernama AGUSVAN SYARIF dan operator yang bernama NUR ENDAH NOVARINI;(021) 4897112;Jl. Sawo No.24 10, RT.10/RW.8, Rawamangun, Kec. Pulo Gadung, Kota Jakarta Timur, Daerah Khusus Ibukota Jakarta 13220;https://www.nabawiislamicschool.sch.id/
230;2;SDS Muhammadiyah 41;Sekolah ini memakai kurikulum merdeka. Sekolah ini memiliki kepala sekolah yang bernama Joko Supriyanto dan operator yang bernama Muhammad Syarif Hidayat;(021) 4750721;RT.13/RW.3, Kayu Putih, Kec. Pulo Gadung, Kota Jakarta Timur, Daerah Khusus Ibukota Jakarta 13210;-
231;2;SDS Santo Antonius I;Sekolah ini memakai kurikulum merdeka dan memiliki akreditasi A. Sekolah ini memiliki kepala sekolah yang bernama Yohanes Iskandar dan operator yang bernama Bernadet Bunga Ayu;(021) 856 0556;Jl. Otista Raya No.76, RT.4/RW.5, Bidara Cina, Kecamatan Jatinegara, Kota Jakarta Timur, Daerah Khusus Ibukota Jakarta 13330;https://www.sd.santoantonius.sch.id/
232;2;SDI AL MUSHANIFIYAH;Sekolah ini memakai kurikulum merdeka dan memiliki akreditasi A. Sekolah ini memiliki kepala sekolah yang bernama Nurlaila dan operator yang bernama NUR ALIYAH SEPTARINA;(021) 4611567;Jl. Marzuki 1 No.15 7, RT.7/RW.1, Penggilingan, Kec. Cakung, Kota Jakarta Timur, Daerah Khusus Ibukota Jakarta 13940;-
233;2;SDS Ignatius Slamet Riyadi II;Sekolah ini memakai kurikulum merdeka dan memiliki akreditasi A. Sekolah ini memiliki kepala sekolah yang bernama Sarkis Priyanti Maria Imaculata dan operator yang bernama NAN CHRISTIANUS BAGUR;(021) 8402622;Jl. Raya Jakarta-Bogor No.KM. 24 2, RT.2/RW.4, Cijantung, Kec. Ps. Rebo, Kota Jakarta Timur, Daerah Khusus Ibukota Jakarta 13770;-
234;2;SD MEKAR SARI;Sekolah ini memakai kurikulum 2013 dan memiliki akreditasi B. Sekolah ini memiliki kepala sekolah yang bernama Reksi Kartiningsih dan operator yang bernama Ika Wiwit Kustiani;0813-9833-0515;Jl. Batu Sulaiman No.1 2 11, RT.2/RW.11, Kayu Putih, Kec. Pulo Gadung, Kota Jakarta Timur, Daerah Khusus Ibukota Jakarta 13210;-
235;2;SDS Strada Van Lith II;Sekolah ini memakai kurikulum merdeka dan memiliki akreditasi A. Sekolah ini memiliki kepala sekolah yang bernama Ari Dwi Harsanti, S.pd. dan operator yang bernama Emilia Dea Pramudita Yuliawan;(021) 86614566;Jalan Laut Arafuru Kavling AL Blok A1 No. 1, 3, RT.8/RW.10, Pd. Bambu, Kec. Duren Sawit, Kota Jakarta Timur, Daerah Khusus Ibukota Jakarta 13430;https://vanlith2.sdstrada.sch.id/
236;2;SDIT AL FALAH;Sekolah ini memakai kurikulum 2013. Sekolah ini memiliki kepala sekolah yang bernama NOVTRIADI dan operator yang bernama Sulistiyo Nugroho;0822-1123-4691;4, Jl. Swakarsa 1B No.14, RT.7/RW.3, Pd. Klp., Kec. Duren Sawit, Kota Jakarta Timur, Daerah Khusus Ibukota Jakarta 13450;-
237;2;SD TUNAS CEMERLANG;Sekolah ini memakai kurikulum 2013. Sekolah ini memiliki kepala sekolah yang bernama ISNA MURANI dan operator yang bernama Retno Dwi Wulandari;(021) 8611746;Jl. Kejaksaan No.G 201-202, RT.2/RW.8, Pd. Bambu, Kec. Duren Sawit, Kota Jakarta Timur, Daerah Khusus Ibukota Jakarta 13430;-
238;2;SDIT ASSALAAMAH;Sekolah ini memakai kurikulum merdeka. Sekolah ini memiliki kepala sekolah yang bernama Hj. Siti Mas'ah dan operator yang bernama Oktaviana Pratiwi;(021) 46822644;1, Jl. Rw. Kuning No.29, RT.1/RW.2, Pulo Gebang, Kec. Cakung, Kota Jakarta Timur, Daerah Khusus Ibukota Jakarta 13950;-
239;2;SDS Islam PB Soedirman;Sekolah ini memakai kurikulum merdeka dan memiliki akreditasi A. Sekolah ini memiliki kepala sekolah yang bernama Edhy Sumarno dan operator yang bernama Suyogo Nurwahdi;(021) 8400387;Jl. Raya Jakarta-Bogor No.24 1, RT.3/RW.4, Cijantung, Kec. Ps. Rebo, Kota Jakarta Timur, Daerah Khusus Ibukota Jakarta 13770;http://www.sdipbsoedirman-jkt.sch.id/
240;2;SDS Angkasa 10;Sekolah ini memakai kurikulum merdeka. Sekolah ini memiliki kepala sekolah yang bernama Gusneni SS dan operator yang bernama AGUNG MAULANA;(021) 8006958;Komplek Rajawali, Jl. Cendrawasih Raya, RT.1/RW.10, Halim Perdana Kusumah, Kec. Makasar, Kota Jakarta Timur, Daerah Khusus Ibukota Jakarta 13610;-
241;2;SD Don Bosco 2;Sekolah ini memakai kurikulum merdeka dan memiliki akreditasi A. Sekolah ini memiliki kepala sekolah yang bernama Irma Cecilia Riberu dan operator yang bernama Maria;(021) 4714864;Jl. Pulomas Barat No.5, RT.6/RW.13, Kayu Putih, Kec. Pulo Gadung, Kota Jakarta Timur, Daerah Khusus Ibukota Jakarta 13210;https://donbosco.sch.id/
242;2;SDIT MUHAMMAD ISLAMIC SCHOOL;Sekolah ini memakai kurikulum merdeka. Sekolah ini memiliki kepala sekolah yang bernama Hosiri dan operator yang bernama Nur A;0822-3997-5907;Jl. H. Naman No.6 13, RT.3/RW.3, Pd. Klp., Kec. Duren Sawit, Kota Jakarta Timur, Daerah Khusus Ibukota Jakarta 13450;https://muhammad-islamic-school.business.site/
243;2;SD MUHAMMADIYAH 09;Sekolah ini memakai kurikulum merdeka dan memiliki akreditasi A. Sekolah ini memiliki kepala sekolah yang bernama Syamsiah dan operator yang bernama Fandi Ahmad;(021) 29361724;Jl. SMAN 71 Jl. Duren Sawit No.18, RT.16/RW.16, Duren Sawit, Kec. Duren Sawit, Kota Jakarta Timur, Daerah Khusus Ibukota Jakarta 13440;https://www.sdmuh09plus.sch.id/
244;2;SD Baitul Khair;Sekolah ini memakai kurikulum merdeka dan memiliki akreditasi B. Sekolah ini memiliki kepala sekolah yang bernama Siti Maesaroh dan operator yang bernama desi ambarwati;(021) 8520552;Jl. Kb. Pala II No.17 7, RT.7/RW.5, Bidara Cina, Kecamatan Jatinegara, Kota Jakarta Timur, Daerah Khusus Ibukota Jakarta 13320;-
245;2;SDS Kristen 4 BPK Penabur;SDK 4 berdiri pada tanggal 1 Juli 1965, sehalaman dengan GKI Jabar Jln. Bekasi Timur IX/6, Jakarta Timur. Sekolah ini didirikan oleh BPK PENABUR dengan ketuanya L.B.G. Suryadinata. Sejak BPK PENABUR KPS Jakarta di bawah kepemimpinan Drs. Djufrie N. Sentana, M.BA membuka lokasi baru untuk TKK III di Jln. Cipinang Jaya Raya 364, Jakarta Timur, maka kelas 1 dan 2 SDK IV dipindahkan ke Jl. Cipinang Jaya Raya 363, Jakarta Timur. Kebijakan ini di ambil dengan perhitungan bahwa siswa-siswi kelas 1 dan 2 masih mempunyai adik di TKK, sehingga dapat diantar jemput secara bersama-sama. Sedangkan dampak positifnya untuk SDK IV yaitu bahwa kelas-kelas sore, yang terdiri atas kelas 2 dan 4 ditiadakan, diganti dengan pagi hari.;(021) 8603871;Jalan Tarum Barat Blok KK Cipinang Indah, RT.18/RW.3, Pd. Bambu, Kec. Duren Sawit, Kota Jakarta Timur, Daerah Khusus Ibukota Jakarta 13430;https://bpkpenabur.or.id/jakarta/sdk-4-penabur
246;2;SD PERMATA KASIH INDONESIA SCHOOL;Sekolah ini memakai kurikulum merdeka dan memiliki akreditasi A. Sekolah ini memiliki kepala sekolah yang bernama Rayaman Saragih dan operator yang bernama Ambrosius Joni;(021) 8647546;Jl. Curug Raya No.1, RT.1/RW.8, Pd. Klp., Kec. Duren Sawit, Kota Jakarta Timur, Daerah Khusus Ibukota Jakarta 13450;-
247;2;SDK PELITA KASIH;Sekolah ini memakai kurikulum merdeka. Sekolah ini memiliki kepala sekolah yang bernama Eva Romauli dan operator yang bernama Yani Kristiana;(021) 8611442;Jl. Pahlawan Revolusi No.12, RT.1/RW.4, Pd. Bambu, Kec. Duren Sawit, Kota Jakarta Timur, Daerah Khusus Ibukota Jakarta 13430;-
248;2;SDS Islam Tugasku;Sekolah ini memakai kurikulum 2013 dan memiliki akreditasi A. Sekolah ini memiliki kepala sekolah yang bernama Rita Novita dan operator yang bernama Pulung Sadana;(021) 47861130;Jl Pulo Mas Jaya No. 2 Jakarta Timur 13210;https://www.tugasku.sch.id/
249;2;SD SANTA MARIA FATIMA;Sekolah ini memakai kurikulum merdeka dan memiliki akreditasi A. Sekolah ini memiliki kepala sekolah yang bernama Irmina Catur Reno Amumpuni dan operator yang bernama Veronica Priscillia;(021) 85902383;Jalan Jatinegara Barat No.122 Bidara Cina, Jatinegara, RT.7/RW.1, Kp. Melayu, Kota Jakarta Timur, Daerah Khusus Ibukota Jakarta 13320;-
250;2;SD SANTO FRANSISKUS III;Sekolah ini memakai kurikulum merdeka dan memiliki akreditasi A. Sekolah ini memiliki kepala sekolah yang bernama Yuliana Retno Dwi W dan operator yang bernama Alexander Agus Gunawan;(021) 47881776;Jl. Bangunan Barat, RT.1/RW.8, Kayu Putih, Kec. Pulo Gadung, Kota Jakarta Timur, Daerah Khusus Ibukota Jakarta 13210;https://sdfransiskus3kayuputih.sch.id/v1/
